Entity,Type,http://www.w3.org/2000/01/rdf-schema#label,http://www.w3.org/2004/02/skos/core#prefLabel,
http://purl.obolibrary.org/obo/APOLLO_SV_00000032,Class,"'count'",,
http://purl.obolibrary.org/obo/APOLLO_SV_00000033,Class,"'counting'",,
http://purl.obolibrary.org/obo/BFO_0000001,Class,,,
http://purl.obolibrary.org/obo/BFO_0000002,Class,,,
http://purl.obolibrary.org/obo/BFO_0000003,Class,,,
http://purl.obolibrary.org/obo/BFO_0000004,Class,,,
http://purl.obolibrary.org/obo/BFO_0000015,Class,,,
http://purl.obolibrary.org/obo/BFO_0000016,Class,,,
http://purl.obolibrary.org/obo/BFO_0000017,Class,,,
http://purl.obolibrary.org/obo/BFO_0000019,Class,,,
http://purl.obolibrary.org/obo/BFO_0000020,Class,,,
http://purl.obolibrary.org/obo/BFO_0000023,Class,,,
http://purl.obolibrary.org/obo/BFO_0000024,Class,,,
http://purl.obolibrary.org/obo/BFO_0000031,Class,,,
http://purl.obolibrary.org/obo/BFO_0000034,Class,,,
http://purl.obolibrary.org/obo/BFO_0000040,Class,,,
http://purl.obolibrary.org/obo/BFO_0000141,Class,,,
http://purl.obolibrary.org/obo/BFO_0000146,Class,,,
http://purl.obolibrary.org/obo/CHEBI_23367,Class,"'molecular entity'",,
http://purl.obolibrary.org/obo/CHEBI_24431,Class,"'chemical entity'",,
http://purl.obolibrary.org/obo/CHEBI_33250,Class,"'atom'",,
http://purl.obolibrary.org/obo/CHEBI_59999,Class,"'chemical substance'",,
http://purl.obolibrary.org/obo/CHEBI_60003,Class,"'pure substance'",,
http://purl.obolibrary.org/obo/CHEBI_60004,Class,"'mixture'",,
http://purl.obolibrary.org/obo/CHEBI_75958,Class,"'solution'",,
http://purl.obolibrary.org/obo/CHMO_0000067,Class,"'microscopy'",,
http://purl.obolibrary.org/obo/CHMO_0000208,Class,"'reflection method'",,
http://purl.obolibrary.org/obo/CHMO_0000209,Class,"'reflectometry'",,
http://purl.obolibrary.org/obo/CHMO_0000219,Class,"'X-ray reflectometry'",,
http://purl.obolibrary.org/obo/CHMO_0000228,Class,"'spectroscopy'",,
http://purl.obolibrary.org/obo/CHMO_0000793,Class,"'assay output'",,
http://purl.obolibrary.org/obo/CHMO_0000800,Class,"'spectrum'",,
http://purl.obolibrary.org/obo/CHMO_0001301,Class,"'synthesis method'",,
http://purl.obolibrary.org/obo/CHMO_0001310,Class,"'sample deposition'",,
http://purl.obolibrary.org/obo/CHMO_0001311,Class,"'atomic layer deposition'",,
http://purl.obolibrary.org/obo/CHMO_0001312,Class,"'Chemical solution deposition'",,
http://purl.obolibrary.org/obo/CHMO_0001313,Class,"'sol–gel method'",,
http://purl.obolibrary.org/obo/CHMO_0001314,Class,"'chemical vapour deposition'",,
http://purl.obolibrary.org/obo/CHMO_0001324,Class,"'metal–organic chemical vapour deposition'",,
http://purl.obolibrary.org/obo/CHMO_0001325,Class,"'plasma-assisted chemical vapour deposition'",,
http://purl.obolibrary.org/obo/CHMO_0001336,Class,"'epitaxy'",,
http://purl.obolibrary.org/obo/CHMO_0001341,Class,"'molecular beam epitaxy'",,
http://purl.obolibrary.org/obo/CHMO_0001349,Class,"'Jet deposition'",,
http://purl.obolibrary.org/obo/CHMO_0001350,Class,"'aerosol jet deposition'",,
http://purl.obolibrary.org/obo/CHMO_0001351,Class,"'gas jet deposition'",,
http://purl.obolibrary.org/obo/CHMO_0001353,Class,"'plasma jet deposition'",,
http://purl.obolibrary.org/obo/CHMO_0001356,Class,"'physical vapour deposition'",,
http://purl.obolibrary.org/obo/CHMO_0001358,Class,"'electron-beam-induced deposition'",,
http://purl.obolibrary.org/obo/CHMO_0001363,Class,"'pulsed laser deposition'",,
http://purl.obolibrary.org/obo/CHMO_0001364,Class,"'sputter deposition'",,
http://purl.obolibrary.org/obo/CHMO_0001471,Class,"'Dip coating'",,
http://purl.obolibrary.org/obo/CHMO_0001472,Class,"'spin coating'",,
http://purl.obolibrary.org/obo/CHMO_0001516,Class,"'Spray pyrolysis'",,
http://purl.obolibrary.org/obo/CHMO_0001558,Class,"'etching'",,
http://purl.obolibrary.org/obo/CHMO_0001559,Class,"'dry etching'",,
http://purl.obolibrary.org/obo/CHMO_0001560,Class,"'plasma etching'",,
http://purl.obolibrary.org/obo/CHMO_0001568,Class,"'sputter etching'",,
http://purl.obolibrary.org/obo/CHMO_0001685,Class,"'mixing'",,
http://purl.obolibrary.org/obo/CHMO_0001988,Class,"'aerosol method'",,
http://purl.obolibrary.org/obo/CHMO_0002163,Class,"'drop coating'",,
http://purl.obolibrary.org/obo/CHMO_0002530,Class,"'Spray coating'",,
http://purl.obolibrary.org/obo/CHMO_0002770,Class,"'sample heating'",,
http://purl.obolibrary.org/obo/CHMO_0002773,Class,"'dissolving'",,
http://purl.obolibrary.org/obo/CHMO_0002774,Class,"'stirring'",,
http://purl.obolibrary.org/obo/CHMO_0002917,Class,"'sample quenching'",,
http://purl.obolibrary.org/obo/IAO_0000003,Class,"'unit label'",,
http://purl.obolibrary.org/obo/IAO_0000005,Class,"'objective specification'",,
http://purl.obolibrary.org/obo/IAO_0000007,Class,"'action specification'",,
http://purl.obolibrary.org/obo/IAO_0000009,Class,"'datum label'",,
http://purl.obolibrary.org/obo/IAO_0000027,Class,"'data item'",,
http://purl.obolibrary.org/obo/IAO_0000028,Class,"'symbol'",,
http://purl.obolibrary.org/obo/IAO_0000030,Class,"'information content entity'",,
http://purl.obolibrary.org/obo/IAO_0000032,Class,"'scalar measurement datum'",,
http://purl.obolibrary.org/obo/IAO_0000033,Class,"'directive information entity'",,
http://purl.obolibrary.org/obo/IAO_0000064,Class,"'algorithm'",,
http://purl.obolibrary.org/obo/IAO_0000098,Class,"'data format specification'",,
http://purl.obolibrary.org/obo/IAO_0000100,Class,"'data set'",,
http://purl.obolibrary.org/obo/IAO_0000101,Class,"'image'",,
http://purl.obolibrary.org/obo/IAO_0000104,Class,"'plan specification'",,
http://purl.obolibrary.org/obo/IAO_0000109,Class,"'measurement datum'",,
http://purl.obolibrary.org/obo/IAO_0000140,Class,"'setting datum'",,
http://purl.obolibrary.org/obo/IAO_0000408,Class,"'length measurement datum'",,
http://purl.obolibrary.org/obo/IAO_0000414,Class,"'mass measurement datum'",,
http://purl.obolibrary.org/obo/IAO_0000416,Class,"'time measurement datum'",,
http://purl.obolibrary.org/obo/IAO_0000582,Class,"'time stamped measurement datum'",,
http://purl.obolibrary.org/obo/IAO_0000584,Class,"'time sampled measurement data set'",,
http://purl.obolibrary.org/obo/OBI_0000011,Class,"'planned process'",,
http://purl.obolibrary.org/obo/OBI_0000047,Class,"'processed material'",,
http://purl.obolibrary.org/obo/OBI_0000067,Class,"'evaluant role'",,
http://purl.obolibrary.org/obo/OBI_0000070,Class,"'assay'",,
http://purl.obolibrary.org/obo/OBI_0000086,Class,"'reagent role'",,
http://purl.obolibrary.org/obo/OBI_0000094,Class,"'material processing'",,
http://purl.obolibrary.org/obo/OBI_0000185,Class,"'imaging assay'",,
http://purl.obolibrary.org/obo/OBI_0000339,Class,"'planning'",,
http://purl.obolibrary.org/obo/OBI_0000367,Class,"'light emission function'",,
http://purl.obolibrary.org/obo/OBI_0000374,Class,"'excitation function'",,
http://purl.obolibrary.org/obo/OBI_0000441,Class,"'assay objective'",,
http://purl.obolibrary.org/obo/OBI_0000456,Class,"'material transformation objective'",,
http://purl.obolibrary.org/obo/OBI_0000458,Class,"'manufacturing objective'",,
http://purl.obolibrary.org/obo/OBI_0000806,Class,"'material maintenance objective'",,
http://purl.obolibrary.org/obo/OBI_0000838,Class,"'material maintenance'",,
http://purl.obolibrary.org/obo/OBI_0000968,Class,"'device'",,
http://purl.obolibrary.org/obo/OBI_0001032,Class,"'light emission device'",,
http://purl.obolibrary.org/obo/OBI_0001138,Class,"'X-ray source'",,
http://purl.obolibrary.org/obo/OBI_0001755,Class,"'selection criterion'",,
http://purl.obolibrary.org/obo/OBI_0001928,Class,"'selection'",,
http://purl.obolibrary.org/obo/OBI_0002900,Class,"'ultraviolet light source'",,
http://purl.obolibrary.org/obo/OBI_0002901,Class,"'visible light source'",,
http://purl.obolibrary.org/obo/OBI_0002902,Class,"'solar light source'",,
http://purl.obolibrary.org/obo/OBI_0200000,Class,"'data transformation'",,
http://purl.obolibrary.org/obo/OBI_0200166,Class,"'data transformation objective'",,
http://purl.obolibrary.org/obo/OBI_0302893,Class,"'storage'	'storage'",,
http://purl.obolibrary.org/obo/OBI_0400064,Class,"'laser'",,
http://purl.obolibrary.org/obo/OBI_0400065,Class,"'light source'",,
http://purl.obolibrary.org/obo/OBI_0600008,Class,"'acquisition'",,
http://purl.obolibrary.org/obo/OBI_0600010,Class,"'material acquisition'",,
http://purl.obolibrary.org/obo/OBI_0600013,Class,"'information acquisition'",,
http://purl.obolibrary.org/obo/PATO_0000008,Class,"'speed'",,
http://purl.obolibrary.org/obo/PATO_0000025,Class,"'composition'",,
http://purl.obolibrary.org/obo/PATO_0000033,Class,"'concentration of'",,
http://purl.obolibrary.org/obo/PATO_0000044,Class,"'frequency'",,
http://purl.obolibrary.org/obo/PATO_0000051,Class,"'morphology'",,
http://purl.obolibrary.org/obo/PATO_0000052,Class,"'shape'",,
http://purl.obolibrary.org/obo/PATO_0000117,Class,"'size'",,
http://purl.obolibrary.org/obo/PATO_0000119,Class,"'height'",,
http://purl.obolibrary.org/obo/PATO_0000122,Class,"'length'",,
http://purl.obolibrary.org/obo/PATO_0000125,Class,"'mass'",,
http://purl.obolibrary.org/obo/PATO_0000128,Class,"'weight'",,
http://purl.obolibrary.org/obo/PATO_0000133,Class,"'orientation'",,
http://purl.obolibrary.org/obo/PATO_0000140,Class,"'position'",,
http://purl.obolibrary.org/obo/PATO_0000141,Class,"'structure'",,
http://purl.obolibrary.org/obo/PATO_0000146,Class,"'temperature'",,
http://purl.obolibrary.org/obo/PATO_0000161,Class,"'rate'",,
http://purl.obolibrary.org/obo/PATO_0000165,Class,"'time'",,
http://purl.obolibrary.org/obo/PATO_0000915,Class,"'thickness'",,
http://purl.obolibrary.org/obo/PATO_0000918,Class,"'volume'",,
http://purl.obolibrary.org/obo/PATO_0000921,Class,"'width'",,
http://purl.obolibrary.org/obo/PATO_0001018,Class,"'physical quality'",,
http://purl.obolibrary.org/obo/PATO_0001019,Class,"'mass density'",,
http://purl.obolibrary.org/obo/PATO_0001021,Class,"'energy'",,
http://purl.obolibrary.org/obo/PATO_0001024,Class,"'power'",,
http://purl.obolibrary.org/obo/PATO_0001025,Class,"'pressure'",,
http://purl.obolibrary.org/obo/PATO_0001026,Class,"'work'",,
http://purl.obolibrary.org/obo/PATO_0001028,Class,"'acceleration'",,
http://purl.obolibrary.org/obo/PATO_0001029,Class,"'efficiency'",,
http://purl.obolibrary.org/obo/PATO_0001035,Class,"'force'",,
http://purl.obolibrary.org/obo/PATO_0001236,Class,"'process quality'",,
http://purl.obolibrary.org/obo/PATO_0001241,Class,"'physical object quality'",,
http://purl.obolibrary.org/obo/PATO_0001242,Class,"'wavelength'",,
http://purl.obolibrary.org/obo/PATO_0001309,Class,"'duration'",,
http://purl.obolibrary.org/obo/PATO_0001323,Class,"'area'",,
http://purl.obolibrary.org/obo/PATO_0001334,Class,"'diameter'",,
http://purl.obolibrary.org/obo/PATO_0001350,Class,"'angular acceleration'",,
http://purl.obolibrary.org/obo/PATO_0001413,Class,"'angular velocity'",,
http://purl.obolibrary.org/obo/PATO_0001464,Class,"'electric potential'",,
http://purl.obolibrary.org/obo/PATO_0001547,Class,"'quality of a gas'",,
http://purl.obolibrary.org/obo/PATO_0001574,Class,"'flow rate'",,
http://purl.obolibrary.org/obo/PATO_0001595,Class,"'depth'",,
http://purl.obolibrary.org/obo/PATO_0001708,Class,"'1-D extent'",,
http://purl.obolibrary.org/obo/PATO_0001709,Class,"'2-D extent'",,
http://purl.obolibrary.org/obo/PATO_0001710,Class,"'3-D extent'",,
http://purl.obolibrary.org/obo/PATO_0001711,Class,"'perimeter'",,
http://purl.obolibrary.org/obo/PATO_0001906,Class,"'movement quality'",,
http://purl.obolibrary.org/obo/PATO_0002062,Class,"'physical quality of a process'",,
http://purl.obolibrary.org/obo/PATO_0002122,Class,"'mixed'",,
http://purl.obolibrary.org/obo/PATO_0002182,Class,"'molecular quality'",,
http://purl.obolibrary.org/obo/PATO_0002198,Class,"'quality of a substance'",,
http://purl.obolibrary.org/obo/PATO_0002242,Class,"'velocity'",,
http://purl.obolibrary.org/obo/PATO_0002243,Class,"'fluid flow rate'",,
http://purl.obolibrary.org/obo/PATO_0002244,Class,"'mass flow rate'",,
http://purl.obolibrary.org/obo/PATO_0002390,Class,"'radius'",,
http://purl.obolibrary.org/obo/PATO_0015009,Class,"'humidity'",,
http://purl.obolibrary.org/obo/PATO_0050000,Class,"'rate of occurence'",,
http://purl.obolibrary.org/obo/UO_0000001,Class,"'length unit'",,
http://purl.obolibrary.org/obo/UO_0000002,Class,"'mass unit'",,
http://purl.obolibrary.org/obo/UO_0000003,Class,"'time unit'",,
http://purl.obolibrary.org/obo/UO_0000004,Class,"'electric current unit'",,
http://purl.obolibrary.org/obo/UO_0000005,Class,"'temperature unit'",,
http://purl.obolibrary.org/obo/UO_0000045,Class,"'base unit'",,
http://purl.obolibrary.org/obo/UO_0000047,Class,"'area unit'",,
http://purl.obolibrary.org/obo/UO_0000048,Class,"'acceleration unit'",,
http://purl.obolibrary.org/obo/UO_0000050,Class,"'angular acceleration unit'",,
http://purl.obolibrary.org/obo/UO_0000051,Class,"'concentration unit'",,
http://purl.obolibrary.org/obo/UO_0000060,Class,"'speed/velocity unit'",,
http://purl.obolibrary.org/obo/UO_0000095,Class,"'volume unit'",,
http://purl.obolibrary.org/obo/UO_0000105,Class,"'frequency unit'",,
http://purl.obolibrary.org/obo/UO_0000109,Class,"'pressure unit'",,
http://purl.obolibrary.org/obo/UO_0000111,Class,"'energy unit'",,
http://purl.obolibrary.org/obo/UO_0000113,Class,"'power unit'",,
http://purl.obolibrary.org/obo/UO_0000121,Class,"'angle unit'",,
http://purl.obolibrary.org/obo/UO_0000182,Class,"'density unit'",,
http://purl.obolibrary.org/obo/UO_0000186,Class,"'dimensionless unit'",,
http://purl.obolibrary.org/obo/UO_0000217,Class,"'electric potential difference unit'",,
http://purl.obolibrary.org/obo/UO_0000219,Class,"'electric charge'",,
http://purl.obolibrary.org/obo/UO_0000270,Class,"'volumetric flow rate unit'",,
http://purl.obolibrary.org/obo/UO_0000280,Class,"'rate unit'",,
http://www.semanticweb.org/ot2661/ontologies/2022/8/TFSCO#TFSCO_00000001,Class,"'solar cell'",,
http://www.semanticweb.org/ot2661/ontologies/2022/8/TFSCO#TFSCO_00000002,Class,"'Carrier'",,
http://www.semanticweb.org/ot2661/ontologies/2022/8/TFSCO#TFSCO_00000003,Class,"'Back contact'",,
http://www.semanticweb.org/ot2661/ontologies/2022/8/TFSCO#TFSCO_00000004,Class,"'Mixture of raw materials'",,
http://www.semanticweb.org/ot2661/ontologies/2022/8/TFSCO#TFSCO_00000005,Class,"'Buffer layer'",,
http://www.semanticweb.org/ot2661/ontologies/2022/8/TFSCO#TFSCO_00000006,Class,"'Front contact'",,
http://www.semanticweb.org/ot2661/ontologies/2022/8/TFSCO#TFSCO_00000007,Class,"'layer'",,
http://www.semanticweb.org/ot2661/ontologies/2022/8/TFSCO#TFSCO_00000008,Class,"'Photo absorber layer'",,
http://www.semanticweb.org/ot2661/ontologies/2022/8/TFSCO#TFSCO_00000009,Class,"'Non photo-absorber layer'",,
http://www.semanticweb.org/ot2661/ontologies/2022/8/TFSCO#TFSCO_00000010,Class,"'Electron transport layer'",,
http://www.semanticweb.org/ot2661/ontologies/2022/8/TFSCO#TFSCO_00000011,Class,"'Hole transport layer'",,
http://www.semanticweb.org/ot2661/ontologies/2022/8/TFSCO#TFSCO_00000012,Class,"'Antireflective coating'",,
http://www.semanticweb.org/ot2661/ontologies/2022/8/TFSCO#TFSCO_00000013,Class,"'Conversion layer'",,
http://www.semanticweb.org/ot2661/ontologies/2022/8/TFSCO#TFSCO_00000014,Class,"'Cell spacing'",,
http://www.semanticweb.org/ot2661/ontologies/2022/8/TFSCO#TFSCO_00000015,Class,"'Back reflection'",,
http://www.semanticweb.org/ot2661/ontologies/2022/8/TFSCO#TFSCO_00000016,Class,"'Dielectric mirror'",,
http://www.semanticweb.org/ot2661/ontologies/2022/8/TFSCO#TFSCO_00000017,Class,"'Down conversion'",,
http://www.semanticweb.org/ot2661/ontologies/2022/8/TFSCO#TFSCO_00000018,Class,"'Encapsulation'",,
http://www.semanticweb.org/ot2661/ontologies/2022/8/TFSCO#TFSCO_00000019,Class,"'Light management'",,
http://www.semanticweb.org/ot2661/ontologies/2022/8/TFSCO#TFSCO_00000020,Class,"'Upconversion'",,
http://www.semanticweb.org/ot2661/ontologies/2022/8/TFSCO#TFSCO_00000021,Class,"'Layer role'",,
http://www.semanticweb.org/ot2661/ontologies/2022/8/TFSCO#TFSCO_00000022,Class,"'illumination process'",,
http://www.semanticweb.org/ot2661/ontologies/2022/8/TFSCO#TFSCO_00000023,Class,"'Perovskite'",,
http://www.semanticweb.org/ot2661/ontologies/2022/8/TFSCO#TFSCO_00000024,Class,"'Doped raw material'",,
http://www.semanticweb.org/ot2661/ontologies/2022/8/TFSCO#TFSCO_00000026,Class,"'solvent'",,
http://www.semanticweb.org/ot2661/ontologies/2022/8/TFSCO#TFSCO_00000027,Class,"'Mixture of solvents'",,
http://www.semanticweb.org/ot2661/ontologies/2022/8/TFSCO#TFSCO_00000028,Class,"'Inorganic cell'",,
http://www.semanticweb.org/ot2661/ontologies/2022/8/TFSCO#TFSCO_00000029,Class,"'Organic cell'",,
http://www.semanticweb.org/ot2661/ontologies/2022/8/TFSCO#TFSCO_00000030,Class,"'Hybrid cell'",,
http://www.semanticweb.org/ot2661/ontologies/2022/8/TFSCO#TFSCO_00000033,Class,"'Inorganic p-n homojunction'",,
http://www.semanticweb.org/ot2661/ontologies/2022/8/TFSCO#TFSCO_00000040,Class,"'Bandgap'",,
http://www.semanticweb.org/ot2661/ontologies/2022/8/TFSCO#TFSCO_00000041,Class,"'Direct bandgap'",,
http://www.semanticweb.org/ot2661/ontologies/2022/8/TFSCO#TFSCO_00000042,Class,"'Indirect bandgap'",,
http://www.semanticweb.org/ot2661/ontologies/2022/8/TFSCO#TFSCO_00000051,Class,"'Innermaterial process'",,
http://www.semanticweb.org/ot2661/ontologies/2022/8/TFSCO#TFSCO_00000052,Class,"'Diffusion'",,
http://www.semanticweb.org/ot2661/ontologies/2022/8/TFSCO#TFSCO_00000053,Class,"'Charge transport'",,
http://www.semanticweb.org/ot2661/ontologies/2022/8/TFSCO#TFSCO_00000054,Class,"'Charge hopping'",,
http://www.semanticweb.org/ot2661/ontologies/2022/8/TFSCO#TFSCO_00000055,Class,"'Junction'",,
http://www.semanticweb.org/ot2661/ontologies/2022/8/TFSCO#TFSCO_00000056,Class,"'Homo-junction'",,
http://www.semanticweb.org/ot2661/ontologies/2022/8/TFSCO#TFSCO_00000057,Class,"'Hetero-junction'",,
http://www.semanticweb.org/ot2661/ontologies/2022/8/TFSCO#TFSCO_00000058,Class,"'Schottky-junction'",,
http://www.semanticweb.org/ot2661/ontologies/2022/8/TFSCO#TFSCO_00000061,Class,"'Photon energy'",,
http://www.semanticweb.org/ot2661/ontologies/2022/8/TFSCO#TFSCO_00000062,Class,"'Electric energy'",,
http://www.semanticweb.org/ot2661/ontologies/2022/8/TFSCO#TFSCO_00000063,Class,"'current'",,
http://www.semanticweb.org/ot2661/ontologies/2022/8/TFSCO#TFSCO_00000064,Class,"'current density'",,
http://www.semanticweb.org/ot2661/ontologies/2022/8/TFSCO#TFSCO_00000067,Class,"'layer deposition'",,
http://www.semanticweb.org/ot2661/ontologies/2022/8/TFSCO#TFSCO_00000068,Class,"'cleaning'",,
http://www.semanticweb.org/ot2661/ontologies/2022/8/TFSCO#TFSCO_00000075,Class,"'Slot die coating'",,
http://www.semanticweb.org/ot2661/ontologies/2022/8/TFSCO#TFSCO_00000087,Class,"'external quantum efficiency measurement'",,
http://www.semanticweb.org/ot2661/ontologies/2022/8/TFSCO#TFSCO_00000088,Class,"'iv measurement'",,
http://www.semanticweb.org/ot2661/ontologies/2022/8/TFSCO#TFSCO_00000089,Class,"'Hole transportation'",,
http://www.semanticweb.org/ot2661/ontologies/2022/8/TFSCO#TFSCO_00000090,Class,"'Electron transportation'",,
http://www.semanticweb.org/ot2661/ontologies/2022/8/TFSCO#TFSCO_00000091,Class,"'Energy conversion'",,
http://www.semanticweb.org/ot2661/ontologies/2022/8/TFSCO#TFSCO_00000092,Class,"'tandem cell'",,
http://www.semanticweb.org/ot2661/ontologies/2022/8/TFSCO#TFSCO_00000093,Class,"'light'",,
http://www.semanticweb.org/ot2661/ontologies/2022/8/TFSCO#TFSCO_00000094,Class,"'Photon'",,
http://www.semanticweb.org/ot2661/ontologies/2022/8/TFSCO#TFSCO_00000095,Class,"'Electron excitation'",,
http://www.semanticweb.org/ot2661/ontologies/2022/8/TFSCO#TFSCO_00001000,Class,,"'thermal annealing'",
http://www.semanticweb.org/ot2661/ontologies/2022/8/TFSCO#TFSCO_00001003,Class,,"'total area'",
http://www.semanticweb.org/ot2661/ontologies/2022/8/TFSCO#TFSCO_00001004,Class,,"'active area'",
http://www.semanticweb.org/ot2661/ontologies/2022/8/TFSCO#TFSCO_00001006,Class,"'dispensing'",,
http://www.semanticweb.org/ot2661/ontologies/2022/8/TFSCO#TFSCO_00001009,Class,,"'roughness'",
http://www.semanticweb.org/ot2661/ontologies/2022/8/TFSCO#TFSCO_00001011,Class,,"'relative humidity'",
http://www.semanticweb.org/ot2661/ontologies/2022/8/TFSCO#TFSCO_00001012,Class,"'atmosphere'",,
http://www.semanticweb.org/ot2661/ontologies/2022/8/TFSCO#TFSCO_00001014,Class,,"'Minimal cell bending radius'",
http://www.semanticweb.org/ot2661/ontologies/2022/8/TFSCO#TFSCO_00001016,Class,,"'Maximal semi transparent wavelength'",
http://www.semanticweb.org/ot2661/ontologies/2022/8/TFSCO#TFSCO_00001017,Class,,"'Minimal semi transparent wavelength'",
http://www.semanticweb.org/ot2661/ontologies/2022/8/TFSCO#TFSCO_00001018,Class,"'solar cell stack sequence'",,
http://www.semanticweb.org/ot2661/ontologies/2022/8/TFSCO#TFSCO_00001020,Class,,"'solar cell architecture'",
http://www.semanticweb.org/ot2661/ontologies/2022/8/TFSCO#TFSCO_00001022,Class,,"'Is flexible'",
http://www.semanticweb.org/ot2661/ontologies/2022/8/TFSCO#TFSCO_00001023,Class,,"'Is semitransparent'",
http://www.semanticweb.org/ot2661/ontologies/2022/8/TFSCO#TFSCO_00001024,Class,,"'transmittance'",
http://www.semanticweb.org/ot2661/ontologies/2022/8/TFSCO#TFSCO_00001025,Class,,"'Average visible transmittance'",
http://www.semanticweb.org/ot2661/ontologies/2022/8/TFSCO#TFSCO_00001026,Class,"'solar module'",,
http://www.semanticweb.org/ot2661/ontologies/2022/8/TFSCO#TFSCO_00001030,Class,,"'Pipetting'",
http://www.semanticweb.org/ot2661/ontologies/2022/8/TFSCO#TFSCO_00001031,Class,,"'Solution aspiration'",
http://www.semanticweb.org/ot2661/ontologies/2022/8/TFSCO#TFSCO_00001033,Class,,"'annealing'",
http://www.semanticweb.org/ot2661/ontologies/2022/8/TFSCO#TFSCO_00001034,Class,,"'open circuit voltage'",
http://www.semanticweb.org/ot2661/ontologies/2022/8/TFSCO#TFSCO_00001035,Class,,"'Photoluminescence (PL) imaging'",
http://www.semanticweb.org/ot2661/ontologies/2022/8/TFSCO#TFSCO_00001037,Class,"'photovoltaic device efficiency'",,
http://www.semanticweb.org/ot2661/ontologies/2022/8/TFSCO#TFSCO_00001040,Class,,"'Mechanical etching'",
http://www.semanticweb.org/ot2661/ontologies/2022/8/TFSCO#TFSCO_00001041,Class,,"'Laser etching'",
http://www.semanticweb.org/ot2661/ontologies/2022/8/TFSCO#TFSCO_00001042,Class,,"'solvent cleaning'",
http://www.semanticweb.org/ot2661/ontologies/2022/8/TFSCO#TFSCO_00001043,Class,"'uv cleaning'",,
http://www.semanticweb.org/ot2661/ontologies/2022/8/TFSCO#TFSCO_00001044,Class,,"'plasma cleaning'",
http://www.semanticweb.org/ot2661/ontologies/2022/8/TFSCO#TFSCO_00001045,Class,,"'solution manufacturing'",
http://www.semanticweb.org/ot2661/ontologies/2022/8/TFSCO#TFSCO_00001046,Class,"'shaking'",,
http://www.semanticweb.org/ot2661/ontologies/2022/8/TFSCO#TFSCO_00001047,Class,,"'purity'",
http://www.semanticweb.org/ot2661/ontologies/2022/8/TFSCO#TFSCO_00001050,Class,,"'solvent annealing'",
http://www.semanticweb.org/ot2661/ontologies/2022/8/TFSCO#TFSCO_00001052,Class,,"'anti solvent quenching'",
http://www.semanticweb.org/ot2661/ontologies/2022/8/TFSCO#TFSCO_00001053,Class,"'ultrasonic'",,
http://www.semanticweb.org/ot2661/ontologies/2022/8/TFSCO#TFSCO_00001054,Class,,"'soap cleaning'",
http://www.semanticweb.org/ot2661/ontologies/2022/8/TFSCO#TFSCO_00001055,Class,"'utrasonic bath'",,
http://www.semanticweb.org/ot2661/ontologies/2022/8/TFSCO#TFSCO_00001056,Class,,"'Additive'",
http://www.semanticweb.org/ot2661/ontologies/2022/8/TFSCO#TFSCO_00001057,Class,,"'Chemical bath deposition'",
http://www.semanticweb.org/ot2661/ontologies/2022/8/TFSCO#TFSCO_00001061,Class,"'device temperature'",,
http://www.semanticweb.org/ot2661/ontologies/2022/8/TFSCO#TFSCO_00001062,Class,,"'time range'",
http://www.semanticweb.org/ot2661/ontologies/2022/8/TFSCO#TFSCO_00001063,Class,,"'process time'",
http://www.semanticweb.org/ot2661/ontologies/2022/8/TFSCO#TFSCO_00001064,Class,,"'temperature quality of a process'",
http://www.semanticweb.org/ot2661/ontologies/2022/8/TFSCO#TFSCO_00001065,Class,"'partial pressure'",,
http://www.semanticweb.org/ot2661/ontologies/2022/8/TFSCO#TFSCO_00001066,Class,,"'perovscite boolean quality'",
http://www.semanticweb.org/ot2661/ontologies/2022/8/TFSCO#TFSCO_00001067,Class,,"'Is single crystal'",
http://www.semanticweb.org/ot2661/ontologies/2022/8/TFSCO#TFSCO_00001068,Class,,"'Is zero dimensional'",
http://www.semanticweb.org/ot2661/ontologies/2022/8/TFSCO#TFSCO_00001069,Class,,"'Is two dimensional'",
http://www.semanticweb.org/ot2661/ontologies/2022/8/TFSCO#TFSCO_00001070,Class,,"'Is 2D/3D mixture'",
http://www.semanticweb.org/ot2661/ontologies/2022/8/TFSCO#TFSCO_00001071,Class,,"'Is three dimensional'",
http://www.semanticweb.org/ot2661/ontologies/2022/8/TFSCO#TFSCO_00001072,Class,,"'Is 3D with 2D capping layer'",
http://www.semanticweb.org/ot2661/ontologies/2022/8/TFSCO#TFSCO_00001073,Class,,"'Has ABC3 structure'",
http://www.semanticweb.org/ot2661/ontologies/2022/8/TFSCO#TFSCO_00001074,Class,,"'Has perovscite inspired structure'",
http://www.semanticweb.org/ot2661/ontologies/2022/8/TFSCO#TFSCO_00001075,Class,,"'Ratio'",
http://www.semanticweb.org/ot2661/ontologies/2022/8/TFSCO#TFSCO_00001076,Class,,"'Mixing ratio'",
http://www.semanticweb.org/ot2661/ontologies/2022/8/TFSCO#TFSCO_00001077,Class,"'gas quenching'",,
http://www.semanticweb.org/ot2661/ontologies/2022/8/TFSCO#TFSCO_00001078,Class,,"'solute'",
http://www.semanticweb.org/ot2661/ontologies/2022/8/TFSCO#TFSCO_00001079,Class,,"'Powder'",
http://www.semanticweb.org/ot2661/ontologies/2022/8/TFSCO#TFSCO_00001081,Class,"'precursor solution'",,
http://www.semanticweb.org/ot2661/ontologies/2022/8/TFSCO#TFSCO_00001083,Class,,"'Encapsulation'",
http://www.semanticweb.org/ot2661/ontologies/2022/8/TFSCO#TFSCO_00001084,Class,"'soped precursor solution'",,
http://www.semanticweb.org/ot2661/ontologies/2022/8/TFSCO#TFSCO_00001086,Class,,"'Molar Ratio'",
http://www.semanticweb.org/ot2661/ontologies/2022/8/TFSCO#TFSCO_00001088,Class,,"'Chemical formula'",
http://www.semanticweb.org/ot2661/ontologies/2022/8/TFSCO#TFSCO_00001094,Class,"'total pressure'",,
http://www.semanticweb.org/ot2661/ontologies/2022/8/TFSCO#TFSCO_00001095,Class,,"'time since last process'",
http://www.semanticweb.org/ot2661/ontologies/2022/8/TFSCO#TFSCO_00001096,Class,,"'certified'",
http://www.semanticweb.org/ot2661/ontologies/2022/8/TFSCO#TFSCO_00001100,Class,,"'calibration'",
http://www.semanticweb.org/ot2661/ontologies/2022/8/TFSCO#TFSCO_00001102,Class,,"'resistance'",
http://www.semanticweb.org/ot2661/ontologies/2022/8/TFSCO#TFSCO_00001103,Class,,"'shunt resistance'",
http://www.semanticweb.org/ot2661/ontologies/2022/8/TFSCO#TFSCO_00001104,Class,,"'series resistance'",
http://www.semanticweb.org/ot2661/ontologies/2022/8/TFSCO#TFSCO_00001105,Class,,"'current density maximum power point'",
http://www.semanticweb.org/ot2661/ontologies/2022/8/TFSCO#TFSCO_00001106,Class,,"'voltage maximum power point'",
http://www.semanticweb.org/ot2661/ontologies/2022/8/TFSCO#TFSCO_00001107,Class,,"'fill factor'",
http://www.semanticweb.org/ot2661/ontologies/2022/8/TFSCO#TFSCO_00001108,Class,,"'short circuit current density'",
http://www.semanticweb.org/ot2661/ontologies/2022/8/TFSCO#TFSCO_00001117,Class,,"'Solution dispense'",
http://www.semanticweb.org/ot2661/ontologies/2022/8/TFSCO#TFSCO_00001118,Class,,"'logistical processing'",
http://www.semanticweb.org/ot2661/ontologies/2022/8/TFSCO#TFSCO_00001119,Class,,"'Mask area'",
http://www.semanticweb.org/ot2661/ontologies/2022/8/TFSCO#TFSCO_00001122,Class,,"'illumination direction'",
http://www.semanticweb.org/ot2661/ontologies/2022/8/TFSCO#TFSCO_00001123,Class,,"'Scan speed'",
http://www.semanticweb.org/ot2661/ontologies/2022/8/TFSCO#TFSCO_00001124,Class,,"'Delay time'",
http://www.semanticweb.org/ot2661/ontologies/2022/8/TFSCO#TFSCO_00001128,Class,,"'intensity'",
http://www.semanticweb.org/ot2661/ontologies/2022/8/TFSCO#TFSCO_00001129,Class,,"'light intensity'",
http://www.semanticweb.org/ot2661/ontologies/2022/8/TFSCO#TFSCO_00001131,Class,,"'Pumping'",
http://www.semanticweb.org/ot2661/ontologies/2022/8/TFSCO#TFSCO_00001132,Class,,"'Syringe pumping'",
http://www.semanticweb.org/ot2661/ontologies/2022/8/TFSCO#TFSCO_00001135,Class,,"'integrated current density'",
http://www.semanticweb.org/ot2661/ontologies/2022/8/TFSCO#TFSCO_00001136,Class,,"'Ink jetting'",
http://www.semanticweb.org/ot2661/ontologies/2022/8/TFSCO#TFSCO_00001138,Class,,"'Stability measurement'",
http://www.semanticweb.org/ot2661/ontologies/2022/8/TFSCO#TFSCO_00001140,Class,,"'Load condition'",
http://www.semanticweb.org/ot2661/ontologies/2022/8/TFSCO#TFSCO_00001141,Class,,"'ultraviolett filter used'",
http://www.semanticweb.org/ot2661/ontologies/2022/8/TFSCO#TFSCO_00001142,Class,,"'Cycling time'",
http://www.semanticweb.org/ot2661/ontologies/2022/8/TFSCO#TFSCO_00001144,Class,"'solution handling'",,
http://www.semanticweb.org/ot2661/ontologies/2022/8/TFSCO#TFSCO_00001145,Class,,"'calibration data'",
http://www.semanticweb.org/ot2661/ontologies/2022/8/TFSCO#TFSCO_00001147,Class,,"'jv analysis'",
http://www.semanticweb.org/ot2661/ontologies/2022/8/TFSCO#TFSCO_00002000,Class,"'shaking rate'",,
http://www.semanticweb.org/ot2661/ontologies/2022/8/TFSCO#TFSCO_00002001,Class,"'annealing temperature'",,
http://www.semanticweb.org/ot2661/ontologies/2022/8/TFSCO#TFSCO_00002002,Class,"'rotation acceleration setting datum'",,
http://www.semanticweb.org/ot2661/ontologies/2022/8/TFSCO#TFSCO_00002003,Class,"'iv curve'",,
http://www.semanticweb.org/ot2661/ontologies/2022/8/TFSCO#TFSCO_00002004,Class,"'plate spacing'",,
http://www.semanticweb.org/ot2661/ontologies/2022/8/TFSCO#TFSCO_00002005,Class,"'rotation speed setting datum'",,
http://www.semanticweb.org/ot2661/ontologies/2022/8/TFSCO#TFSCO_00002006,Class,"'duration setting datum'",,
http://www.semanticweb.org/ot2661/ontologies/2022/8/TFSCO#TFSCO_00002007,Class,"'scan'",,
http://www.semanticweb.org/ot2661/ontologies/2022/8/TFSCO#TFSCO_00002008,Class,"'thermal physical vapour deposition'",,
http://www.semanticweb.org/ot2661/ontologies/2022/8/TFSCO#TFSCO_00002009,Class,"'Laser energy'",,
http://www.semanticweb.org/ot2661/ontologies/2022/8/TFSCO#TFSCO_00002010,Class,"'eqe curve'",,
http://www.semanticweb.org/ot2661/ontologies/2022/8/TFSCO#TFSCO_00002011,Class,"'Electric power'",,
http://www.semanticweb.org/ot2661/ontologies/2022/8/TFSCO#TFSCO_00002012,Class,"'Volumetric flow rate'",,
http://www.semanticweb.org/ot2661/ontologies/2022/8/TFSCO#TFSCO_00002013,Class,"'final temperature'",,
http://www.semanticweb.org/ot2661/ontologies/2022/8/TFSCO#TFSCO_00002014,Class,"'heating rate'",,
http://www.semanticweb.org/ot2661/ontologies/2022/8/TFSCO#TFSCO_00002015,Class,"'data transformation output'",,
http://www.semanticweb.org/ot2661/ontologies/2022/8/TFSCO#TFSCO_00002016,Class,"'solarcell efficiency datum'",,
http://www.semanticweb.org/ot2661/ontologies/2022/8/TFSCO#TFSCO_00002017,Class,"'Aspiration speed'",,
http://www.semanticweb.org/ot2661/ontologies/2022/8/TFSCO#TFSCO_00002018,Class,"'Dispense speed'",,
http://www.semanticweb.org/ot2661/ontologies/2022/8/TFSCO#TFSCO_00002019,Class,"'aspiration acceleration'",,
http://www.semanticweb.org/ot2661/ontologies/2022/8/TFSCO#TFSCO_00002020,Class,"'dispense acceleration'",,
http://www.semanticweb.org/ot2661/ontologies/2022/8/TFSCO#TFSCO_00002021,Class,"'scalar datum'",,
http://www.semanticweb.org/ot2661/ontologies/2022/8/TFSCO#TFSCO_00002022,Class,"'Up conversion layer'",,
http://www.semanticweb.org/ot2661/ontologies/2022/8/TFSCO#TFSCO_00002023,Class,"'Down conversion layer'",,
http://www.semanticweb.org/ot2661/ontologies/2022/8/TFSCO#TFSCO_00002024,Class,"'CIGS'",,
http://www.semanticweb.org/ot2661/ontologies/2022/8/TFSCO#TFSCO_00002025,Class,"'assay tabular data'",,
http://www.semanticweb.org/ot2661/ontologies/2022/8/TFSCO#TFSCO_00002026,Class,"'Rotation speed'",,
http://www.semanticweb.org/ot2661/ontologies/2022/8/TFSCO#TFSCO_00002027,Class,"'Ambient pressure'",,
http://www.semanticweb.org/ot2661/ontologies/2022/8/TFSCO#TFSCO_00002028,Class,"'current unit'",,
http://www.semanticweb.org/ot2661/ontologies/2022/8/TFSCO#TFSCO_00002029,Class,"'solar cell morphology'",,
http://www.semanticweb.org/ot2661/ontologies/2022/8/TFSCO#TFSCO_00002030,Class,"'data transforming algorithm'",,
http://www.semanticweb.org/ot2661/ontologies/2022/8/TFSCO#TFSCO_00002031,Class,"'Analytical model'",,
http://www.semanticweb.org/ot2661/ontologies/2022/8/TFSCO#TFSCO_00002032,Class,"'illumination direction setting datum'",,
http://www.semanticweb.org/ot2661/ontologies/2022/8/TFSCO#TFSCO_00002033,Class,"'wavelength step size'",,
http://www.semanticweb.org/ot2661/ontologies/2022/8/TFSCO#TFSCO_00002034,Class,"'light intensity setting datum'",,
http://www.semanticweb.org/ot2661/ontologies/2022/8/TFSCO#TFSCO_00002035,Class,"'pvd source'",,
http://www.semanticweb.org/ot2661/ontologies/2022/8/TFSCO#TFSCO_00002036,Class,"'time range setting datum'",,
http://www.semanticweb.org/ot2661/ontologies/2022/8/TFSCO#TFSCO_00002037,Class,"'Emulsion'",,
http://www.semanticweb.org/ot2661/ontologies/2022/8/TFSCO#TFSCO_00002038,Class,"'Chemical composition'",,
http://www.semanticweb.org/ot2661/ontologies/2022/8/TFSCO#TFSCO_00002039,Class,"'cycling time setting datum'",,
http://www.semanticweb.org/ot2661/ontologies/2022/8/TFSCO#TFSCO_00002040,Class,"'wavelength setting datum'",,
http://www.semanticweb.org/ot2661/ontologies/2022/8/TFSCO#TFSCO_00002041,Class,"'load balance setting datum'",,
http://www.semanticweb.org/ot2661/ontologies/2022/8/TFSCO#TFSCO_00002042,Class,"'photovoltaic device'",,
http://www.semanticweb.org/ot2661/ontologies/2022/8/TFSCO#TFSCO_00002043,Class,"'Sublayer'",,
http://www.semanticweb.org/ot2661/ontologies/2022/8/TFSCO#TFSCO_00002044,Class,"'Functional layer'",,
http://www.semanticweb.org/ot2661/ontologies/2022/8/TFSCO#TFSCO_00002045,Class,"'solar cell boolean quality'",,
http://www.semanticweb.org/ot2661/ontologies/2022/8/TFSCO#TFSCO_00002046,Class,"'scan rate'",,
http://www.semanticweb.org/ot2661/ontologies/2022/8/TFSCO#TFSCO_00002047,Class,"'scan rate voltage'",,
http://www.semanticweb.org/ot2661/ontologies/2022/8/TFSCO#TFSCO_00002048,Class,"'vaccuum quenching'",,
http://www.semanticweb.org/ot2661/ontologies/2022/8/TFSCO#TFSCO_00002049,Class,"'Rotation acceleration'",,
http://www.semanticweb.org/ot2661/ontologies/2022/8/TFSCO#TFSCO_00002050,Class,"'fill factor datum'",,
http://www.semanticweb.org/ot2661/ontologies/2022/8/TFSCO#TFSCO_00002051,Class,"'Wet chemical deposition'",,
http://www.semanticweb.org/ot2661/ontologies/2022/8/TFSCO#TFSCO_00002052,Class,"'Vapor based deposition'",,
http://www.semanticweb.org/ot2661/ontologies/2022/8/TFSCO#TFSCO_00002053,Class,"'Ink jet printing'",,
http://www.semanticweb.org/ot2661/ontologies/2022/8/TFSCO#TFSCO_00002054,Class,"'Gravure printing'",,
http://www.semanticweb.org/ot2661/ontologies/2022/8/TFSCO#TFSCO_00002055,Class,"'Offset printing'",,
http://www.semanticweb.org/ot2661/ontologies/2022/8/TFSCO#TFSCO_00002056,Class,"'Screen printing'",,
http://www.semanticweb.org/ot2661/ontologies/2022/8/TFSCO#TFSCO_00002057,Class,"'Aerosol printing'",,
http://www.semanticweb.org/ot2661/ontologies/2022/8/TFSCO#TFSCO_00002058,Class,"'scan rate setting datum'",,
http://www.semanticweb.org/ot2661/ontologies/2022/8/TFSCO#TFSCO_00002059,Class,"'Drop casting'",,
http://www.semanticweb.org/ot2661/ontologies/2022/8/TFSCO#TFSCO_00002060,Class,"'Blade coating'",,
http://www.semanticweb.org/ot2661/ontologies/2022/8/TFSCO#TFSCO_00002061,Class,"'Electrophoretic deposition'",,
http://www.semanticweb.org/ot2661/ontologies/2022/8/TFSCO#TFSCO_00002062,Class,"'Sol-gel deposition'",,
http://www.semanticweb.org/ot2661/ontologies/2022/8/TFSCO#TFSCO_00002063,Class,"'open circuit voltage datum'",,
http://www.semanticweb.org/ot2661/ontologies/2022/8/TFSCO#TFSCO_00002064,Class,"'voltage maximum power point datum'",,
http://www.semanticweb.org/ot2661/ontologies/2022/8/TFSCO#TFSCO_00002065,Class,"'current density maximum power point datum'",,
http://www.semanticweb.org/ot2661/ontologies/2022/8/TFSCO#TFSCO_00002066,Class,"'Close space sublimation'",,
http://www.semanticweb.org/ot2661/ontologies/2022/8/TFSCO#TFSCO_00002067,Class,"'short circuit current datum'",,
http://www.semanticweb.org/ot2661/ontologies/2022/8/TFSCO#TFSCO_00002068,Class,"'current density unit'",,
http://www.semanticweb.org/ot2661/ontologies/2022/8/TFSCO#TFSCO_00002069,Class,"'total area datum'",,
http://www.semanticweb.org/ot2661/ontologies/2022/8/TFSCO#TFSCO_00002070,Class,"'effective area datum'",,
http://www.semanticweb.org/ot2661/ontologies/2022/8/TFSCO#TFSCO_00002071,Class,"'process temperature setting datum'",,
http://www.semanticweb.org/ot2661/ontologies/2022/8/TFSCO#TFSCO_00002072,Class,"'process time setting datum'",,
http://www.semanticweb.org/ot2661/ontologies/2022/8/TFSCO#TFSCO_00002073,Class,"'annealing temperature setting datum'",,
http://www.semanticweb.org/ot2661/ontologies/2022/8/TFSCO#TFSCO_00002074,Class,"'scan rate voltage setting datum'",,
http://www.semanticweb.org/ot2661/ontologies/2022/8/TFSCO#TFSCO_00002075,Class,"'scan rate voltage unit'",,
http://www.semanticweb.org/ot2661/ontologies/2022/8/TFSCO#TFSCO_00002076,Class,"'integration time'",,
http://www.semanticweb.org/ot2661/ontologies/2022/8/TFSCO#TFSCO_00002077,Class,"'settling time'",,
http://www.semanticweb.org/ot2661/ontologies/2022/8/TFSCO#TFSCO_00002078,Class,"'compliance'",,
http://www.semanticweb.org/ot2661/ontologies/2022/8/TFSCO#TFSCO_00002079,Class,"'scan direction'",,
http://www.semanticweb.org/ot2661/ontologies/2022/8/TFSCO#TFSCO_00002080,Class,"'process logging'",,
http://www.semanticweb.org/ot2661/ontologies/2022/8/TFSCO#TFSCO_00002081,Class,"'starting voltage'",,
http://www.semanticweb.org/ot2661/ontologies/2022/8/TFSCO#TFSCO_00002082,Class,"'stopping voltage'",,
http://www.semanticweb.org/ot2661/ontologies/2022/8/TFSCO#TFSCO_00002083,Class,"'voltage step size'",,
http://www.semanticweb.org/ot2661/ontologies/2022/8/TFSCO#TFSCO_00002084,Class,"'illuminated iv measurement'",,
http://www.semanticweb.org/ot2661/ontologies/2022/8/TFSCO#TFSCO_00002085,Class,"'reference solar cell'",,
http://www.semanticweb.org/ot2661/ontologies/2022/8/TFSCO#TFSCO_00002086,Class,"'wavelength step size setting datum'",,
http://www.semanticweb.org/ot2661/ontologies/2022/8/TFSCO#TFSCO_00002087,Class,"'power density unit'",,
http://www.semanticweb.org/ot2661/ontologies/2022/8/TFSCO#TFSCO_00002088,Class,"'scan direction setting datum'",,
http://www.semanticweb.org/ot2661/ontologies/2022/8/TFSCO#TFSCO_00002089,Class,"'starting voltage setting datum'",,
http://www.semanticweb.org/ot2661/ontologies/2022/8/TFSCO#TFSCO_00002090,Class,"'stopping voltage setting datum'",,
http://www.semanticweb.org/ot2661/ontologies/2022/8/TFSCO#TFSCO_00002091,Class,"'voltage step size setting datum'",,
http://www.semanticweb.org/ot2661/ontologies/2022/8/TFSCO#TFSCO_00002092,Class,"'settling time setting datum'",,
http://www.semanticweb.org/ot2661/ontologies/2022/8/TFSCO#TFSCO_00002093,Class,"'integration time setting datum'",,
http://www.semanticweb.org/ot2661/ontologies/2022/8/TFSCO#TFSCO_00002094,Class,"'compliance setting datum'",,
http://www.semanticweb.org/ot2661/ontologies/2022/8/TFSCO#TFSCO_00002095,Class,"'pvd process logging'",,
http://www.semanticweb.org/ot2661/ontologies/2022/8/TFSCO#TFSCO_00002096,Class,"'area measurement datum'",,
http://www.semanticweb.org/ot2661/ontologies/2022/8/TFSCO#TFSCO_00002097,Class,"'active area measurement datum'",,
http://www.semanticweb.org/ot2661/ontologies/2022/8/TFSCO#TFSCO_00002098,Class,"'current measurement datum'",,
http://www.semanticweb.org/ot2661/ontologies/2022/8/TFSCO#TFSCO_00002099,Class,"'shunt resistance datum'",,
http://www.semanticweb.org/ot2661/ontologies/2022/8/TFSCO#TFSCO_00002100,Class,"'series resistance datum'",,
http://www.semanticweb.org/ot2661/ontologies/2022/8/TFSCO#TFSCO_00002101,Class,"'resistance area unit'",,
http://www.semanticweb.org/ot2661/ontologies/2022/8/TFSCO#TFSCO_00002102,Class,"'temperature measurement datum'",,
http://www.semanticweb.org/ot2661/ontologies/2022/8/TFSCO#TFSCO_00002103,Class,"'power measurement datum'",,
http://www.semanticweb.org/ot2661/ontologies/2022/8/TFSCO#TFSCO_00002104,Class,"'power setting datum'",,
http://www.semanticweb.org/ot2661/ontologies/2022/8/TFSCO#TFSCO_00002105,Class,"'shutter status'",,
http://www.semanticweb.org/ot2661/ontologies/2022/8/TFSCO#TFSCO_00002106,Class,"'shutter status setting datum'",,
http://www.semanticweb.org/ot2661/ontologies/2022/8/TFSCO#TFSCO_00002107,Class,"'gas mixture'",,
http://www.semanticweb.org/ot2661/ontologies/2022/8/TFSCO#TFSCO_00002108,Class,"'gas flow rate setting datum'",,
http://www.semanticweb.org/ot2661/ontologies/2022/8/TFSCO#TFSCO_00002109,Class,"'shutter status'",,
http://www.semanticweb.org/ot2661/ontologies/2022/8/TFSCO#TFSCO_00002110,Class,"'thinfilm depostion rate'",,
http://www.semanticweb.org/ot2661/ontologies/2022/8/TFSCO#TFSCO_00002111,Class,"'temperature setting datum'",,
http://www.semanticweb.org/ot2661/ontologies/2022/8/TFSCO#TFSCO_00002112,Class,"'device temperature setting datum'",,
http://www.semanticweb.org/ot2661/ontologies/2022/8/TFSCO#TFSCO_00002113,Class,"'thermal pvd source'",,
http://www.semanticweb.org/ot2661/ontologies/2022/8/TFSCO#TFSCO_00002114,Class,"'gas flow rate'",,
http://www.semanticweb.org/ot2661/ontologies/2022/8/TFSCO#TFSCO_00002115,Class,"'tabular data'",,
http://www.semanticweb.org/ot2661/ontologies/2022/8/TFSCO#TFSCO_00002116,Class,"'process log'",,
http://www.semanticweb.org/ot2661/ontologies/2022/8/TFSCO#TFSCO_00002117,Class,"'pvd process log'",,
http://www.semanticweb.org/ot2661/ontologies/2022/8/TFSCO#TFSCO_00002118,Class,"'pressure measurement datum'",,
http://www.semanticweb.org/ot2661/ontologies/2022/8/TFSCO#TFSCO_00002119,Class,"'thin film deposition rate measurement datum'",,
http://www.semanticweb.org/ot2661/ontologies/2022/8/TFSCO#TFSCO_00002120,Class,"'total pressure measurement datum'",,
http://www.semanticweb.org/ot2661/ontologies/2022/8/TFSCO#TFSCO_00002121,Class,"'partial pressure measurement datum'",,
http://www.semanticweb.org/ot2661/ontologies/2022/8/TFSCO#TFSCO_00002122,Class,"'substrate'",,
http://www.semanticweb.org/ot2661/ontologies/2022/8/TFSCO#TFSCO_00002123,Class,"'light bias'",,
http://www.semanticweb.org/ot2661/ontologies/2022/8/TFSCO#TFSCO_00002124,Class,"'light bias setting datum'",,
http://www.semanticweb.org/ot2661/ontologies/2022/8/TFSCO#TFSCO_00002125,Class,"'chopper frequency'",,
http://www.semanticweb.org/ot2661/ontologies/2022/8/TFSCO#TFSCO_00002126,Class,"'chopper frequency setting datum'",,
http://www.semanticweb.org/ot2661/ontologies/2022/8/TFSCO#TFSCO_00002127,Class,"'voltage bias'",,
http://www.semanticweb.org/ot2661/ontologies/2022/8/TFSCO#TFSCO_00002128,Class,"'voltage bias setting datum'",,
http://www.semanticweb.org/ot2661/ontologies/2022/8/TFSCO#TFSCO_00002129,Class,"'scan rate wavelength'",,
http://www.semanticweb.org/ot2661/ontologies/2022/8/TFSCO#TFSCO_00002130,Class,"'scan rate wavelength setting datum'",,
http://www.semanticweb.org/ot2661/ontologies/2022/8/TFSCO#TFSCO_00002131,Class,"'time quality of a process'",,
http://www.semanticweb.org/ot2661/ontologies/2022/8/TFSCO#TFSCO_00002132,Class,"'eqe analysis'",,
http://www.semanticweb.org/ot2661/ontologies/2022/8/TFSCO#TFSCO_00002133,Class,"'eqe bandgap datum'",,
http://www.semanticweb.org/ot2661/ontologies/2022/8/TFSCO#TFSCO_00002134,Class,"'integrated jsc datum'",,
http://www.semanticweb.org/ot2661/ontologies/2022/8/TFSCO#TFSCO_00002135,Class,"'integrated j0rad datum'",,
http://www.semanticweb.org/ot2661/ontologies/2022/8/TFSCO#TFSCO_00002136,Class,"'voc rad datum'",,
http://www.semanticweb.org/ot2661/ontologies/2022/8/TFSCO#TFSCO_00002137,Class,"'urbach energy datum'",,
http://www.semanticweb.org/ot2661/ontologies/2022/8/TFSCO#TFSCO_00002138,Class,"'urbach energy fit standard deviation datum'",,
http://www.semanticweb.org/ot2661/ontologies/2022/8/TFSCO#TFSCO_00002139,Class,"'external quantum efficiency datum'",,
http://www.semanticweb.org/ot2661/ontologies/2022/8/TFSCO#TFSCO_00002140,Class,"'eqe bandgap'",,
http://www.semanticweb.org/ot2661/ontologies/2022/8/TFSCO#TFSCO_00002141,Class,"'integrated jsc'",,
http://www.semanticweb.org/ot2661/ontologies/2022/8/TFSCO#TFSCO_00002142,Class,"'integrated j0rad'",,
http://www.semanticweb.org/ot2661/ontologies/2022/8/TFSCO#TFSCO_00002143,Class,"'voc rad'",,
http://www.semanticweb.org/ot2661/ontologies/2022/8/TFSCO#TFSCO_00002144,Class,"'urbach energy'",,
http://www.semanticweb.org/ot2661/ontologies/2022/8/TFSCO#TFSCO_00002145,Class,"'urbach energy fit standard deviation'",,
http://www.semanticweb.org/ot2661/ontologies/2022/8/TFSCO#TFSCO_00002146,Class,"'external quantum efficiency'",,
http://www.semanticweb.org/ot2661/ontologies/2022/8/TFSCO#TFSCO_00002147,Class,"'electric potential measurement datum'",,
http://www.semanticweb.org/ot2661/ontologies/2022/8/TFSCO#TFSCO_00002148,Class,"'biased illumination process'",,
http://www.semanticweb.org/ot2661/ontologies/2022/8/TFSCO#TFSCO_00002149,Class,"'electrical potential quality of a process'",,
http://www.semanticweb.org/ot2661/ontologies/2022/8/TFSCO#TFSCO_00002150,Class,"'anti solvent dropping time'",,
http://www.semanticweb.org/ot2661/ontologies/2022/8/TFSCO#TFSCO_00002151,Class,"'anti solvent dropping time setting datum'",,
http://www.semanticweb.org/ot2661/ontologies/2022/8/TFSCO#TFSCO_00002152,Class,"'chemical substance role'",,
http://www.semanticweb.org/ot2661/ontologies/2022/8/TFSCO#TFSCO_00002154,Class,"'product role'",,
http://www.semanticweb.org/ot2661/ontologies/2022/8/TFSCO#TFSCO_00002155,Class,"'anti solvent role'",,
http://www.semanticweb.org/ot2661/ontologies/2022/8/TFSCO#TFSCO_00002156,Class,"'dropping time'",,
http://www.semanticweb.org/ot2661/ontologies/2022/8/TFSCO#TFSCO_00002157,Class,"'dropping time setting datum'",,
http://www.semanticweb.org/ot2661/ontologies/2022/8/TFSCO#TFSCO_00002158,Class,"'volume setting datum'",,
http://www.semanticweb.org/ot2661/ontologies/2022/8/TFSCO#TFSCO_00002159,Class,"'anti solvent volume setting datum'",,
http://www.semanticweb.org/ot2661/ontologies/2022/8/TFSCO#TFSCO_00002160,Class,"'precursor solution volume setting datum'",,
http://www.semanticweb.org/ot2661/ontologies/2022/8/TFSCO#TFSCO_00005000,Class,"'power quality of a process'",,
http://www.semanticweb.org/ot2661/ontologies/2022/8/TFSCO#TFSCO_00005001,Class,"'uv/vis spectroscopy'",,
http://www.semanticweb.org/ot2661/ontologies/2022/8/TFSCO#TFSCO_00005002,Class,"'reflection uv/vis measurement'",,
http://www.semanticweb.org/ot2661/ontologies/2022/8/TFSCO#TFSCO_00005003,Class,"'transmittance uv/vis measurement'",,
http://www.semanticweb.org/ot2661/ontologies/2022/8/TFSCO#TFSCO_00005004,Class,"'uv/vis curve'",,
http://www.semanticweb.org/ot2661/ontologies/2022/8/TFSCO#TFSCO_00005005,Class,"'electric potential setting datum'",,
http://www.semanticweb.org/ot2661/ontologies/2022/8/TFSCO#TFSCO_00005006,Class,"'reflection uv/vis curve'",,
http://www.semanticweb.org/ot2661/ontologies/2022/8/TFSCO#TFSCO_00005007,Class,"'transmittance uv/vis curve'",,
http://www.semanticweb.org/ot2661/ontologies/2022/8/TFSCO#TFSCO_00005008,Class,"'transmittance measurement datum'",,
http://www.semanticweb.org/ot2661/ontologies/2022/8/TFSCO#TFSCO_00005009,Class,"'reflectance measurement datum'",,
http://www.semanticweb.org/ot2661/ontologies/2022/8/TFSCO#TFSCO_00005010,Class,"'reflectance'",,
http://www.semanticweb.org/ot2661/ontologies/2022/8/TFSCO#TFSCO_00005011,Class,"'wavenlength quality of a process'",,
http://www.semanticweb.org/ot2661/ontologies/2022/8/TFSCO#TFSCO_00005012,Class,"'starting wavelength'",,
http://www.semanticweb.org/ot2661/ontologies/2022/8/TFSCO#TFSCO_00005013,Class,"'stopping wavelength'",,
http://www.semanticweb.org/ot2661/ontologies/2022/8/TFSCO#TFSCO_00005014,Class,"'starting wavelength setting datum'",,
http://www.semanticweb.org/ot2661/ontologies/2022/8/TFSCO#TFSCO_00005015,Class,"'stopping wavelength setting datum'",,
http://www.semanticweb.org/ot2661/ontologies/2022/8/TFSCO#TFSCO_00005016,Class,"'plasma power'",,
http://www.semanticweb.org/ot2661/ontologies/2022/8/TFSCO#TFSCO_00005018,Class,"'plasma power setting datum'",,
http://www.semanticweb.org/ot2661/ontologies/2022/8/TFSCO#TFSCO_00005019,Class,"'plasma'",,
http://www.semanticweb.org/ot2661/ontologies/2022/8/TFSCO#TFSCO_00005020,Class,"'mass setting datum'",,
http://www.semanticweb.org/ot2661/ontologies/2022/8/TFSCO#TFSCO_00009995,Class,"'substrate temperature setting datum'",,
http://www.semanticweb.org/ot2661/ontologies/2022/8/TFSCO#TFSCO_00009996,Class,"'substrate temperature'",,
http://www.semanticweb.org/ot2661/ontologies/2022/8/TFSCO#TFSCO_00009997,Class,"'photovoltaic device efficiency active area'",,
http://www.semanticweb.org/ot2661/ontologies/2022/8/TFSCO#TFSCO_00009998,Class,"'photovoltaic device efficiency total area'",,
http://www.semanticweb.org/ot2661/ontologies/2022/8/TFSCO#TFSCO_00009999,Class,"'stacked tandem cell'",,
http://www.w3.org/2002/07/owl#Thing,Class,,,
http://purl.obolibrary.org/obo/BFO_0000051,ObjectProperty,,,
http://purl.obolibrary.org/obo/BFO_0000054,ObjectProperty,"'realized in'",,
http://purl.obolibrary.org/obo/BFO_0000055,ObjectProperty,"'realizes'",,
http://purl.obolibrary.org/obo/BFO_0000066,ObjectProperty,"'occurs in'",,
http://purl.obolibrary.org/obo/BFO_0000067,ObjectProperty,"'contains process'",,
http://purl.obolibrary.org/obo/IAO_0000039,ObjectProperty,"'has unit label'",,
http://purl.obolibrary.org/obo/IAO_0000136,ObjectProperty,"'is about'",,
http://purl.obolibrary.org/obo/IAO_0000221,ObjectProperty,"'is quality measurement of'",,
http://purl.obolibrary.org/obo/IAO_0000413,ObjectProperty,"'is duration of'",,
http://purl.obolibrary.org/obo/IAO_0000417,ObjectProperty,"'is quality measured as'",,
http://purl.obolibrary.org/obo/IAO_0000418,ObjectProperty,"'is quality specification of'",,
http://purl.obolibrary.org/obo/IAO_0000419,ObjectProperty,"'quality is specified as'",,
http://purl.obolibrary.org/obo/IAO_0000581,ObjectProperty,"'has time stamp'",,
http://purl.obolibrary.org/obo/IAO_0000583,ObjectProperty,"'has measurement datum'",,
http://purl.obolibrary.org/obo/OBI_0000293,ObjectProperty,"'has_specified_input'",,
http://purl.obolibrary.org/obo/OBI_0000295,ObjectProperty,"'is_specified_input_of'",,
http://purl.obolibrary.org/obo/OBI_0000299,ObjectProperty,"'has_specified_output'",,
http://purl.obolibrary.org/obo/OBI_0000312,ObjectProperty,"'is_specified_output_of'",,
http://purl.obolibrary.org/obo/OBI_0000417,ObjectProperty,"'achieves_planned_objective'",,
http://purl.obolibrary.org/obo/OBI_0000833,ObjectProperty,,,
http://purl.obolibrary.org/obo/RO_0000052,ObjectProperty,,,
http://purl.obolibrary.org/obo/RO_0000053,ObjectProperty,"'has characteristic'",,
http://purl.obolibrary.org/obo/RO_0000056,ObjectProperty,"'participates in'",,
http://purl.obolibrary.org/obo/RO_0000057,ObjectProperty,"'has participant'",,
http://purl.obolibrary.org/obo/RO_0000058,ObjectProperty,"'is concretized as'",,
http://purl.obolibrary.org/obo/RO_0000059,ObjectProperty,"'concretizes'",,
http://purl.obolibrary.org/obo/RO_0000079,ObjectProperty,"'function of'",,
http://purl.obolibrary.org/obo/RO_0000085,ObjectProperty,"'has function'",,
http://purl.obolibrary.org/obo/RO_0000086,ObjectProperty,"'has quality'",,
http://purl.obolibrary.org/obo/RO_0000087,ObjectProperty,"'has role'",,
http://purl.obolibrary.org/obo/RO_0000091,ObjectProperty,"'has disposition'",,
http://purl.obolibrary.org/obo/RO_0000092,ObjectProperty,"'disposition of'",,
http://purl.obolibrary.org/obo/RO_0001000,ObjectProperty,"'derives from'",,
http://purl.obolibrary.org/obo/RO_0001001,ObjectProperty,"'derives into'",,
http://purl.obolibrary.org/obo/RO_0001018,ObjectProperty,"'contained in'",,
http://purl.obolibrary.org/obo/RO_0001019,ObjectProperty,"'contains'",,
http://purl.obolibrary.org/obo/RO_0002233,ObjectProperty,"'has input'",,
http://purl.obolibrary.org/obo/RO_0002234,ObjectProperty,"'has output'",,
http://purl.obolibrary.org/obo/RO_0002505,ObjectProperty,"'has intermediate'",,
http://purl.obolibrary.org/obo/RO_0003000,ObjectProperty,"'produces'",,
http://purl.obolibrary.org/obo/RO_0003001,ObjectProperty,"'produced by'",,
http://purl.obolibrary.org/obo/is_unit_of,ObjectProperty,,,
http://www.semanticweb.org/ot2661/ontologies/2022/8/TFSCO#TFSCOObjectProperty_00002000,ObjectProperty,"'is about'",,
http://www.semanticweb.org/ot2661/ontologies/2022/8/TFSCO#TFSCOObjectProperty_00002001,ObjectProperty,"'characteristics of'",,
http://www.semanticweb.org/ot2661/ontologies/2022/8/TFSCO#TFSCOObjectProperty_00002002,ObjectProperty,"'role of'",,
http://www.semanticweb.org/ot2661/ontologies/2022/8/TFSCO#TFSCOObjectProperty_00002003,ObjectProperty,"'quality of'",,
http://www.semanticweb.org/ot2661/ontologies/2022/8/TFSCO#TFSCOObjectProperty_00002004,ObjectProperty,"'has part'",,
http://www.semanticweb.org/ot2661/ontologies/2022/8/TFSCO#TFSCOObjectProperty_00002005,ObjectProperty,"'part of'",,
http://www.semanticweb.org/ot2661/ontologies/2022/8/TFSCO#TFSCOObjectProperty_00002006,ObjectProperty,"'2D boundary of'",,
http://www.semanticweb.org/ot2661/ontologies/2022/8/TFSCO#TFSCOObjectProperty_00002007,ObjectProperty,"'has 2D boundary'",,
http://www.semanticweb.org/ot2661/ontologies/2022/8/TFSCO#TFSCOObjectProperty_00002008,ObjectProperty,"'provides input for'",,
http://www.semanticweb.org/ot2661/ontologies/2022/8/TFSCO#TFSCOObjectProperty_00002102,ObjectProperty,"'is quality specified as'",,
http://www.w3.org/2002/07/owl#topObjectProperty,ObjectProperty,,,
http://purl.obolibrary.org/obo/IAO_0000004,DataProperty,"'has measurement value'",,
http://purl.obolibrary.org/obo/RO_0002029,DataProperty,"'has increased age-specific mortality rate'",,
http://www.semanticweb.org/ot2661/ontologies/2022/8/TFSCO#TFSCONamedIndividual_00000028,NamedIndividual,"'Chlorobenzene'",,
http://www.semanticweb.org/ot2661/ontologies/2022/8/TFSCO#TFSCONamedIndividual_00000029,NamedIndividual,"'Ethanol'",,
http://www.semanticweb.org/ot2661/ontologies/2022/8/TFSCO#TFSCONamedIndividual_00000030,NamedIndividual,"'IPA'",,
http://www.semanticweb.org/ot2661/ontologies/2022/8/TFSCO#TFSCONamedIndividual_00000031,NamedIndividual,"'Water'",,
http://www.semanticweb.org/ot2661/ontologies/2022/8/TFSCO#TFSCONamedIndividual_00000032,NamedIndividual,"'1-Butanol'",,
http://www.semanticweb.org/ot2661/ontologies/2022/8/TFSCO#TFSCONamedIndividual_00000033,NamedIndividual,"'2-Methoxy Ethanol'",,
http://www.semanticweb.org/ot2661/ontologies/2022/8/TFSCO#TFSCONamedIndividual_00000035,NamedIndividual,"'Chloroform'",,
http://www.semanticweb.org/ot2661/ontologies/2022/8/TFSCO#TFSCONamedIndividual_00000036,NamedIndividual,"'Dichlorobenzene'",,
http://www.semanticweb.org/ot2661/ontologies/2022/8/TFSCO#TFSCONamedIndividual_00000037,NamedIndividual,"'n-Butyl Alcohol'",,
http://www.semanticweb.org/ot2661/ontologies/2022/8/TFSCO#TFSCONamedIndividual_00000038,NamedIndividual,"'2-Butanol'",,
http://www.semanticweb.org/ot2661/ontologies/2022/8/TFSCO#TFSCONamedIndividual_00000039,NamedIndividual,"'1-Butanol Ethanol'",,
http://www.semanticweb.org/ot2661/ontologies/2022/8/TFSCO#TFSCONamedIndividual_00000040,NamedIndividual,"'Acetonitil'",,
http://www.semanticweb.org/ot2661/ontologies/2022/8/TFSCO#TFSCONamedIndividual_00000041,NamedIndividual,"'Acetonitrile'",,
http://www.semanticweb.org/ot2661/ontologies/2022/8/TFSCO#TFSCONamedIndividual_00000042,NamedIndividual,"'Acetyl Aceton'",,
http://www.semanticweb.org/ot2661/ontologies/2022/8/TFSCO#TFSCONamedIndividual_00000043,NamedIndividual,"'Anhydrous 1-Butanol'",,
http://www.semanticweb.org/ot2661/ontologies/2022/8/TFSCO#TFSCONamedIndividual_00000044,NamedIndividual,"'Anisole'",,
http://www.semanticweb.org/ot2661/ontologies/2022/8/TFSCO#TFSCONamedIndividual_00000045,NamedIndividual,"'a-Terpineol'",,
http://www.semanticweb.org/ot2661/ontologies/2022/8/TFSCO#TFSCONamedIndividual_00000046,NamedIndividual,"'Butanol'",,
http://www.semanticweb.org/ot2661/ontologies/2022/8/TFSCO#TFSCONamedIndividual_00000047,NamedIndividual,"'DCB'",,
http://www.semanticweb.org/ot2661/ontologies/2022/8/TFSCO#TFSCONamedIndividual_00000048,NamedIndividual,"'Distilled Water'",,
http://www.semanticweb.org/ot2661/ontologies/2022/8/TFSCO#TFSCONamedIndividual_00000049,NamedIndividual,"'DMF'",,
http://www.semanticweb.org/ot2661/ontologies/2022/8/TFSCO#TFSCONamedIndividual_00000050,NamedIndividual,"'Ethanol'",,
http://www.semanticweb.org/ot2661/ontologies/2022/8/TFSCO#TFSCONamedIndividual_00000051,NamedIndividual,"'Ethanol Amine'",,
http://www.semanticweb.org/ot2661/ontologies/2022/8/TFSCO#TFSCONamedIndividual_00000052,NamedIndividual,"'Ethyl Alcohol'",,
http://www.semanticweb.org/ot2661/ontologies/2022/8/TFSCO#TFSCONamedIndividual_00000053,NamedIndividual,"'Ethyl Cellulose'",,
http://www.semanticweb.org/ot2661/ontologies/2022/8/TFSCO#TFSCONamedIndividual_00000054,NamedIndividual,"'HCl'",,
http://www.semanticweb.org/ot2661/ontologies/2022/8/TFSCO#TFSCONamedIndividual_00000056,NamedIndividual,"'Isopropyl Alcohol'",,
http://www.semanticweb.org/ot2661/ontologies/2022/8/TFSCO#TFSCONamedIndividual_00000057,NamedIndividual,"'Lauric Acid'",,
http://www.semanticweb.org/ot2661/ontologies/2022/8/TFSCO#TFSCONamedIndividual_00000058,NamedIndividual,"'Methanol'",,
http://www.semanticweb.org/ot2661/ontologies/2022/8/TFSCO#TFSCONamedIndividual_00000059,NamedIndividual,"'NaOH Aqueous Solution'",,
http://www.semanticweb.org/ot2661/ontologies/2022/8/TFSCO#TFSCONamedIndividual_00000060,NamedIndividual,"'n-Butanol'",,
http://www.semanticweb.org/ot2661/ontologies/2022/8/TFSCO#TFSCONamedIndividual_00000061,NamedIndividual,"'n-Butyl Alcohol'",,
http://www.semanticweb.org/ot2661/ontologies/2022/8/TFSCO#TFSCONamedIndividual_00000062,NamedIndividual,"'Nitric Acid'",,
http://www.semanticweb.org/ot2661/ontologies/2022/8/TFSCO#TFSCONamedIndividual_00000063,NamedIndividual,"'Octane'",,
http://www.semanticweb.org/ot2661/ontologies/2022/8/TFSCO#TFSCONamedIndividual_00000064,NamedIndividual,"'OP'",,
http://www.semanticweb.org/ot2661/ontologies/2022/8/TFSCO#TFSCONamedIndividual_00000065,NamedIndividual,"'P25'",,
http://www.semanticweb.org/ot2661/ontologies/2022/8/TFSCO#TFSCONamedIndividual_00000066,NamedIndividual,"'Polyethylene Glycol'",,
http://www.semanticweb.org/ot2661/ontologies/2022/8/TFSCO#TFSCONamedIndividual_00000067,NamedIndividual,"'TAA'",,
http://www.semanticweb.org/ot2661/ontologies/2022/8/TFSCO#TFSCONamedIndividual_00000068,NamedIndividual,"'Terpineol'",,
http://www.semanticweb.org/ot2661/ontologies/2022/8/TFSCO#TFSCONamedIndividual_00000069,NamedIndividual,"'Tetralin'",,
http://www.semanticweb.org/ot2661/ontologies/2022/8/TFSCO#TFSCONamedIndividual_00000070,NamedIndividual,"'TiO2-np'",,
http://www.semanticweb.org/ot2661/ontologies/2022/8/TFSCO#TFSCONamedIndividual_00000071,NamedIndividual,"'Trifluor Ethanol'",,
http://www.semanticweb.org/ot2661/ontologies/2022/8/TFSCO#TFSCONamedIndividual_00000072,NamedIndividual,"'TritonX-100'",,
http://www.semanticweb.org/ot2661/ontologies/2022/8/TFSCO#TFSCONamedIndividual_00001038,NamedIndividual,,"'Mechanical Scrubbing'",
http://www.semanticweb.org/ot2661/ontologies/2022/8/TFSCO#TFSCONamedIndividual_00001039,NamedIndividual,,"'HCL'",
http://www.semanticweb.org/ot2661/ontologies/2022/8/TFSCO#TFSCONamedIndividual_00001048,NamedIndividual,,"'Aceton cleaning'",
http://www.semanticweb.org/ot2661/ontologies/2022/8/TFSCO#TFSCONamedIndividual_00001049,NamedIndividual,,"'DI Water cleaning'",
http://www.semanticweb.org/ot2661/ontologies/2022/8/TFSCO#TFSCONamedIndividual_00001050,NamedIndividual,,"'Isopropanol cleaning'",
http://www.semanticweb.org/ot2661/ontologies/2022/8/TFSCO#TFSCONamedIndividual_00001051,NamedIndividual,,"'Mucasol cleaning'",
http://www.semanticweb.org/ot2661/ontologies/2022/8/TFSCO#TFSCONamedIndividual_00001052,NamedIndividual,,"'Scrubbing'",
http://www.semanticweb.org/ot2661/ontologies/2022/8/TFSCO#TFSCONamedIndividual_00001053,NamedIndividual,,"'Lead iodide'",
http://www.semanticweb.org/ot2661/ontologies/2022/8/TFSCO#TFSCONamedIndividual_00001086,NamedIndividual,,"'pin'",
http://www.semanticweb.org/ot2661/ontologies/2022/8/TFSCO#TFSCONamedIndividual_00001087,NamedIndividual,,"'nip'",
http://purl.obolibrary.org/obo/IAO_0000111,AnnotationProperty,"'editor preferred term'",,
http://purl.obolibrary.org/obo/IAO_0000112,AnnotationProperty,"'example of usage'",,
http://purl.obolibrary.org/obo/IAO_0000114,AnnotationProperty,"'has curation status'",,
http://purl.obolibrary.org/obo/IAO_0000115,AnnotationProperty,"'definition'",,
http://purl.obolibrary.org/obo/IAO_0000116,AnnotationProperty,"'editor note'",,
http://purl.obolibrary.org/obo/IAO_0000117,AnnotationProperty,"'term editor'",,
http://purl.obolibrary.org/obo/IAO_0000118,AnnotationProperty,,,
http://purl.obolibrary.org/obo/IAO_0000119,AnnotationProperty,"'definition source'",,
http://purl.obolibrary.org/obo/IAO_0000232,AnnotationProperty,,,
http://purl.obolibrary.org/obo/IAO_0000233,AnnotationProperty,"'term tracker item'",,
http://purl.obolibrary.org/obo/IAO_0000234,AnnotationProperty,"'ontology term requester'",,
http://purl.obolibrary.org/obo/IAO_0000412,AnnotationProperty,"'imported from'",,
http://purl.obolibrary.org/obo/IAO_0000425,AnnotationProperty,"'expand assertion to'",,
http://purl.obolibrary.org/obo/IAO_0000426,AnnotationProperty,,,
http://purl.obolibrary.org/obo/IAO_0000589,AnnotationProperty,"'OBO foundry unique label'",,
http://purl.obolibrary.org/obo/IAO_0000600,AnnotationProperty,"'elucidation'",,
http://purl.obolibrary.org/obo/IAO_0006011,AnnotationProperty,"'may be identical to'",,
http://purl.obolibrary.org/obo/IAO_0010000,AnnotationProperty,"'has axiom label'",,
http://purl.obolibrary.org/obo/IAO_0100001,AnnotationProperty,"'term replaced by'",,
http://purl.obolibrary.org/obo/OBI_0001847,AnnotationProperty,,,
http://purl.obolibrary.org/obo/OBI_9991118,AnnotationProperty,,,
http://purl.obolibrary.org/obo/OMO_0002000,AnnotationProperty,,,
http://purl.obolibrary.org/obo/RO_0001900,AnnotationProperty,,,
http://purl.obolibrary.org/obo/RO_0002161,AnnotationProperty,"'never in taxon'",,
http://purl.obolibrary.org/obo/RO_0002171,AnnotationProperty,"'mutually spatially disjoint with'",,
http://purl.obolibrary.org/obo/RO_0002172,AnnotationProperty,"'taxonomic class assertion'",,
http://purl.obolibrary.org/obo/RO_0002173,AnnotationProperty,"'ambiguous for taxon'",,
http://purl.obolibrary.org/obo/RO_0002174,AnnotationProperty,"'dubious for taxon'",,
http://purl.obolibrary.org/obo/RO_0002175,AnnotationProperty,"'present in taxon'",,
http://purl.obolibrary.org/obo/RO_0002259,AnnotationProperty,"'defined by inverse'",,
http://purl.obolibrary.org/obo/RO_0002416,AnnotationProperty,"'logical macro assertion'",,
http://purl.obolibrary.org/obo/RO_0002419,AnnotationProperty,"'annotation property cardinality'",,
http://purl.obolibrary.org/obo/RO_0002420,AnnotationProperty,"'logical macro assertion on a class'",,
http://purl.obolibrary.org/obo/RO_0002421,AnnotationProperty,"'logical macro assertion on a property'",,
http://purl.obolibrary.org/obo/RO_0002422,AnnotationProperty,"'logical macro assertion on an object property'",,
http://purl.obolibrary.org/obo/RO_0002423,AnnotationProperty,"'logical macro assertion on an annotation property'",,
http://purl.obolibrary.org/obo/RO_0002474,AnnotationProperty,"'dispositional interpretation'",,
http://purl.obolibrary.org/obo/RO_0002475,AnnotationProperty,"'has no connections with'",,
http://purl.obolibrary.org/obo/RO_0002483,AnnotationProperty,"'inherited annotation property'",,
http://purl.obolibrary.org/obo/RO_0002484,AnnotationProperty,"'curator guidance link'",,
http://purl.obolibrary.org/obo/RO_0002504,AnnotationProperty,"'always present in taxon'",,
http://purl.obolibrary.org/obo/RO_0002535,AnnotationProperty,"'temporal logical macro assertion on a class'",,
http://purl.obolibrary.org/obo/RO_0002536,AnnotationProperty,"'measurement property has unit'",,
http://purl.obolibrary.org/obo/RO_0002537,AnnotationProperty,"'has start time value'",,
http://purl.obolibrary.org/obo/RO_0002538,AnnotationProperty,"'has end time value'",,
http://purl.obolibrary.org/obo/RO_0002539,AnnotationProperty,"'start, days post fertilization'",,
http://purl.obolibrary.org/obo/RO_0002540,AnnotationProperty,"'end, days post fertilization'",,
http://purl.obolibrary.org/obo/RO_0002541,AnnotationProperty,"'start, years post birth'",,
http://purl.obolibrary.org/obo/RO_0002542,AnnotationProperty,"'end, years post birth'",,
http://purl.obolibrary.org/obo/RO_0002543,AnnotationProperty,"'start, months post birth'",,
http://purl.obolibrary.org/obo/RO_0002544,AnnotationProperty,"'end, months post birth'",,
http://purl.obolibrary.org/obo/RO_0002545,AnnotationProperty,"'month of gestation'",,
http://purl.obolibrary.org/obo/RO_0002546,AnnotationProperty,"'has developmental stage marker'",,
http://purl.obolibrary.org/obo/RO_0002547,AnnotationProperty,"'start, days post coitum'",,
http://purl.obolibrary.org/obo/RO_0002548,AnnotationProperty,"'end, days post coitum'",,
http://purl.obolibrary.org/obo/RO_0002549,AnnotationProperty,"'start, weeks post birth'",,
http://purl.obolibrary.org/obo/RO_0002550,AnnotationProperty,"'end, weeks post birth'",,
http://purl.obolibrary.org/obo/RO_0002560,AnnotationProperty,"'is asymmetric relational form of process class'",,
http://purl.obolibrary.org/obo/RO_0002561,AnnotationProperty,"'is symmetric relational form of process class'",,
http://purl.obolibrary.org/obo/RO_0002562,AnnotationProperty,"'is relational form of process class'",,
http://purl.obolibrary.org/obo/RO_0002575,AnnotationProperty,"'is direct form of'",,
http://purl.obolibrary.org/obo/RO_0002579,AnnotationProperty,"'is indirect form of'",,
http://purl.obolibrary.org/obo/RO_0002580,AnnotationProperty,"'logical macro assertion on an axiom'",,
http://purl.obolibrary.org/obo/RO_0002581,AnnotationProperty,"'is a defining property chain axiom'",,
http://purl.obolibrary.org/obo/RO_0002582,AnnotationProperty,"'is a defining property chain axiom where second argument is reflexive'",,
http://purl.obolibrary.org/obo/RO_0002594,AnnotationProperty,"'is relational form of a class'",,
http://purl.obolibrary.org/obo/RO_0002601,AnnotationProperty,"'logical macro assertion involving identity'",,
http://purl.obolibrary.org/obo/RO_0002602,AnnotationProperty,"'in approximate one to one relationship with'",,
http://purl.obolibrary.org/obo/RO_0002603,AnnotationProperty,"'is approximately equivalent to'",,
http://purl.obolibrary.org/obo/RO_0002604,AnnotationProperty,"'is opposite of'",,
http://purl.obolibrary.org/obo/RO_0002605,AnnotationProperty,"'is indistinguishable from'",,
http://purl.obolibrary.org/obo/RO_0002611,AnnotationProperty,"'evidential logical macro assertion on an axiom'",,
http://purl.obolibrary.org/obo/RO_0002612,AnnotationProperty,"'axiom has evidence'",,
http://purl.obolibrary.org/obo/RO_0002613,AnnotationProperty,"'axiom contradicted by evidence'",,
http://purl.obolibrary.org/obo/RO_0002617,AnnotationProperty,"'is representative IRI for equivalence set'",,
http://purl.obolibrary.org/obo/RO_0004036,AnnotationProperty,"'nominally disjoint with'",,
http://purl.obolibrary.org/obo/RO_0004048,AnnotationProperty,"'is directional form of'",,
http://purl.obolibrary.org/obo/RO_0004049,AnnotationProperty,"'is positive form of'",,
http://purl.obolibrary.org/obo/RO_0004050,AnnotationProperty,"'is negative form of'",,
http://purl.obolibrary.org/obo/RO_0040042,AnnotationProperty,"'is homeomorphic for'",,
http://purl.obolibrary.org/obo/valid_for_go_annotation_extension,AnnotationProperty,"'valid_for_go_annotation_extension'",,
http://purl.obolibrary.org/obo/valid_for_go_gp2term,AnnotationProperty,"'valid_for_go_gp2term'",,
http://purl.obolibrary.org/obo/valid_for_go_ontology,AnnotationProperty,"'valid_for_go_ontology'",,
http://purl.obolibrary.org/obo/valid_for_gocam,AnnotationProperty,"'valid_for_gocam'",,
http://purl.obolibrary.org/obo/pato#seeAlso,AnnotationProperty,,,
http://purl.obolibrary.org/obo/ro/subsets#ro-eco,AnnotationProperty,"'eco subset'",,
http://purl.org/dc/elements/1.1/creator,AnnotationProperty,,,
http://purl.org/dc/elements/1.1/date,AnnotationProperty,,,
http://purl.org/dc/elements/1.1/description,AnnotationProperty,,,
http://purl.org/dc/elements/1.1/license,AnnotationProperty,,,
http://purl.org/dc/elements/1.1/source,AnnotationProperty,,,
http://purl.org/dc/elements/1.1/title,AnnotationProperty,,,
http://purl.org/dc/terms/conformsTo,AnnotationProperty,,,
http://purl.org/dc/terms/contributor,AnnotationProperty,,,
http://purl.org/dc/terms/creator,AnnotationProperty,,,
http://purl.org/dc/terms/description,AnnotationProperty,,,
http://purl.org/dc/terms/license,AnnotationProperty,,,
http://purl.org/dc/terms/source,AnnotationProperty,,,
http://purl.org/dc/terms/title,AnnotationProperty,,,
http://purl.org/spar/cito/citesAsAuthority,AnnotationProperty,,,
http://swrl.stanford.edu/ontologies/3.3/swrla.owl#isRuleEnabled,AnnotationProperty,,,
http://www.geneontology.org/formats/oboInOwl#SubsetProperty,AnnotationProperty,"'subset_property'",,
http://www.geneontology.org/formats/oboInOwl#created_by,AnnotationProperty,,,
http://www.geneontology.org/formats/oboInOwl#creation_date,AnnotationProperty,,,
http://www.geneontology.org/formats/oboInOwl#editor_note,AnnotationProperty,,,
http://www.geneontology.org/formats/oboInOwl#hasAlternativeId,AnnotationProperty,,,
http://www.geneontology.org/formats/oboInOwl#hasBroadSynonym,AnnotationProperty,,,
http://www.geneontology.org/formats/oboInOwl#hasDbXref,AnnotationProperty,,,
http://www.geneontology.org/formats/oboInOwl#hasExactSynonym,AnnotationProperty,,,
http://www.geneontology.org/formats/oboInOwl#hasNarrowSynonym,AnnotationProperty,"'has_narrow_synonym'",,
http://www.geneontology.org/formats/oboInOwl#hasOBONamespace,AnnotationProperty,,,
http://www.geneontology.org/formats/oboInOwl#hasRelatedSynonym,AnnotationProperty,,,
http://www.geneontology.org/formats/oboInOwl#hasSynonymType,AnnotationProperty,,,
http://www.geneontology.org/formats/oboInOwl#id,AnnotationProperty,,,
http://www.geneontology.org/formats/oboInOwl#inSubset,AnnotationProperty,"'in_subset'",,
http://www.geneontology.org/formats/oboInOwl#source,AnnotationProperty,,,
http://www.ontology-of-units-of-measure.org/resource/om-2/alternativeLabel,AnnotationProperty,,,
http://www.w3.org/2000/01/rdf-schema#comment,AnnotationProperty,,,
http://www.w3.org/2000/01/rdf-schema#isDefinedBy,AnnotationProperty,,,
http://www.w3.org/2000/01/rdf-schema#label,AnnotationProperty,,,
http://www.w3.org/2000/01/rdf-schema#seeAlso,AnnotationProperty,,,
http://www.w3.org/2002/07/owl#deprecated,AnnotationProperty,,,
http://www.w3.org/2002/07/owl#versionInfo,AnnotationProperty,,,
http://www.w3.org/2004/02/skos/core#closeMatch,AnnotationProperty,,,
http://www.w3.org/2004/02/skos/core#prefLabel,AnnotationProperty,,,
http://xmlns.com/foaf/0.1/homepage,AnnotationProperty,,,
oboInOwl:hasExactSynonym,AnnotationProperty,,,
http://www.w3.org/1999/02/22-rdf-syntax-ns#PlainLiteral,Datatype,,,
http://www.w3.org/2000/01/rdf-schema#Literal,Datatype,,,
http://www.w3.org/2001/XMLSchema#anyURI,Datatype,,,
http://www.w3.org/2001/XMLSchema#boolean,Datatype,,,
http://www.w3.org/2001/XMLSchema#dateTime,Datatype,,,
http://www.w3.org/2001/XMLSchema#double,Datatype,,,
http://www.w3.org/2001/XMLSchema#short,Datatype,,,
